"AVERAGECO2","AVERAGEDELAY","AVERAGEFUEL","DURATIONSTRING","MAXINPUT","MAXTHROUGHPUT","SEG1INPUTRATE","TIMESTEP"
"183.37125380029025","1.5268056756308372","78.03032076608093","00:20:00","21.0","27.0","0.1","0.1"
"179.61269470455017","3.04919848835007","76.43093391682986","00:20:00","54.0","56.0","0.2","0.1"
"173.19882715137558","5.964427657485439","73.70162857505343","00:20:00","71.0","59.0","0.3","0.1"
"168.68928179455642","7.85878947175481","71.78267310406656","00:20:00","69.0","99.0","0.4","0.1"
"225.2760504287393","105.5458902306658","95.862149118612","00:20:00","100.0","79.0","0.5","0.1"
"230.31546880022609","131.68504627322034","98.00658246817774","00:20:00","139.0","95.0","0.6","0.1"
