"AVERAGECO2","AVERAGEDELAY","AVERAGEFUEL","DURATIONSTRING","MAXINPUT","MAXTHROUGHPUT","SEG1INPUTRATE","TIMESTEP"
"184.1898524844976","1.1002486337917823","78.3786606317011","00:20:00","21.0","25.0","0.1","0.1"
"182.61841194861705","1.6963169353005954","77.7099625313264","00:20:00","39.0","45.0","0.2","0.1"
"179.49665032142607","2.8325386343717978","76.3815533282664","00:20:00","62.0","49.0","0.3","0.1"
"177.88080529392604","3.36838823795752","75.69395969954299","00:20:00","56.0","48.0","0.4","0.1"
"174.757908693524","4.436668329711051","74.36506752915915","00:20:00","58.0","78.0","0.5","0.1"
"173.3950610681266","4.9488029270094245","73.78513236941558","00:20:00","77.0","82.0","0.6","0.1"
