Name,v0,a0,b,T,s0,s1,fi,b1,b2,beta,mass,fCo2,T1,T2,p
AVCar,15,0.73,1.67,1.5,2,0,1200,0.16,0.000518,0.1,1600,2.35,,,
HDCar,15,0.73,1.67,1.5,2,0,1200,0.16,0.000518,0.1,1600,2.35,0.5,2,0.5
